I,J,K,E_CRM,V_CRM,E_RCM,V_RCM,q (0.05),p = 0.05,q (0.01),p = 0.01,Simulations
2,2,1,4,0,4,0,-,-,-,-,100
2,2,2,7.926015,16.56967,7.92463,16.58321,2.22916,0,2.22916,0,100
2,2,3,15.353133,26.80999,15.358564,26.79161,2.44229,0.04783,4.503059,0,100
2,2,4,25.546537,42.86682,25.532058,42.59649,2.178462,0.04611,4.151159,0.00702,100
2,2,5,38.406059,63.5973,38.401189,63.42351,2.2701,0.04559,4.192454,0.00966,100
2,2,6,53.902457,86.36135,53.897091,86.44102,2.234374,0.049,4.06967,0.00939,100
2,2,7,72.15726,114.7773,72.17198,115.5875,2.324559,0.04966,4.13042,0.00985,100
2,2,8,92.98609,146.8433,92.98717,147.5515,2.321574,0.04978,4.271694,0.00998,100
2,2,9,116.57612,183.145,116.56853,182.3886,2.28916,0.04974,4.161113,0.00989,100
2,2,10,142.76199,223.65,142.79207,225.1481,2.233245,0.04965,4.163043,0.00997,100
2,3,1,16,0,2.32312,0.3518903,-,-,-,-,100
2,3,2,24.270935,129.906011,7.335997,4.240925,2.10294,0.04973,2.959306,0.00533,100
2,3,3,43.676861,208.784994,14.647932,8.744799,2.461143,0.04658,3.62114,0.00991,100
2,3,4,69.290638,334.8209,24.897407,15.12578,2.340488,0.04981,3.818945,0.0097,100
2,3,5,101.288594,488.48481,37.591439,22.86293,2.354183,0.04998,3.861777,0.01,100
2,3,6,139.575526,676.51115,53.178361,32.5113,2.342365,0.04997,3.866078,0.00992,100
2,3,7,184.062427,902.28999,71.202503,43.10324,2.343015,0.05,3.914724,0.01,100
2,3,8,234.670302,1147.69804,92.106602,56.33822,2.312133,0.04998,3.927154,0.01,100
2,3,9,291.535552,1453.47201,115.457924,70.60564,2.321062,0.04999,3.927575,0.01,100
2,3,10,354.764354,1783.80575,141.737299,86.27732,2.313229,0.05,3.883923,0.00999,100
2,4,1,36,0,2.4329867,0.1011813,-,-,-,-,100
2,4,2,51.505245,527.701192,7.127166,2.172584,2.118658,0.0491,3.079782,0.00635,100
2,4,3,88.611157,814.989768,14.526358,4.813033,2.359924,0.04856,3.642964,0.00909,100
2,4,4,137.515894,1316.856287,24.644205,8.464252,2.335013,0.04998,3.63112,0.00992,100
2,4,5,197.994831,1941.21802,37.387868,12.80305,2.326121,0.05,3.721478,0.01,100
2,4,6,269.613334,2728.27996,52.837612,18.60986,2.325675,0.04973,3.710134,0.01,100
2,4,7,352.731549,3608.64172,70.943851,24.83934,2.305807,0.05,3.741157,0.01,100
2,4,8,446.709436,4636.83685,91.701311,32.13949,2.313637,0.04999,3.758256,0.01,100
2,4,9,552.337054,5741.08785,115.165556,40.63904,2.307652,0.04993,3.780095,0.01,100
2,4,10,668.698455,7077.9307,141.251179,49.8767,2.306924,0.05,3.765354,0.01,100
2,5,1,64,0,4.79263,0.1204479,-,-,-,-,100
2,5,2,90.81479,1512.172409,7.006378,1.409749,2.352865,0.04028,2.820639,0.00975,100
2,5,3,152.408031,2311.742297,14.352771,3.203996,2.310719,0.04952,3.502544,0.00993,100
2,5,4,232.866717,3790.594544,24.505993,5.687904,2.261703,0.04978,3.508523,0.01,100
2,5,5,330.864665,5539.102,37.189015,8.836682,2.291213,0.04949,3.530744,0.01,100
2,5,6,446.955641,7649.39053,52.636244,12.44259,2.32918,0.04997,3.665025,0.01,100
2,5,7,582.11082,10398.2269,70.691508,17.14006,2.301283,0.05,3.693438,0.01,100
2,5,8,733.781171,13160.18857,91.491984,21.92591,2.281472,0.04993,3.636919,0.01,100
2,5,9,902.455893,16379.66673,114.851774,27.69856,2.275101,0.05,3.690418,0.01,100
2,5,10,1089.522662,20035.09,140.975966,33.89086,2.299037,0.04998,3.702267,0.01,100
3,3,1,7.515915,2.149672,7.515915,2.149672,2.146849,0.03937,2.14896,0,100
3,3,2,20.63,27.71,20.63,27.71,2.1599,0.0485,2.8565,0.0081,150
3,3,3,38.78,57.92,38.78,57.92,2.3697,0.0498,3.4014,0.0099,150
3,3,4,64.08,102.85,64.08,102.85,2.3586,0.05,3.6076,0.01,150
3,3,5,94.76108,155.7036,94.76108,155.7036,2.36083,0.04998,3.676656,0.01,100
3,4,1,15.782125,6.784954,7.136492,1.694014,2.7124,0.00633,2.7124,0.00633,100
3,4,2,41.33,99.98,19.07,12.99,2.1673,0.049,2.9508,0.01,150
3,4,3,75.56,208.57,37.25,29.97,2.3155,0.05,3.3451,0.01,150
3,4,4,122.95,376.55,61.66,53.87,2.3388,0.05,3.5064,0.01,150
3,4,5,179.80335,572.0041,92.177922,83.66919,2.353038,0.04999,3.603231,0.01,100
3,5,1,26.9952,16.363077,6.137493,1.158052,2.102452,0.03417,3.21757,0.00415,100
3,5,2,70.167005,259.82916,18.216365,8.040158,2.18164,0.04988,3.00986,0.00986,100
3,5,3,125.8,551.66,35.98,19.19,2.2924,0.05,3.3137,0.01,150
3,5,4,202.81,1000.96,60.21,34.98,2.3213,0.05,3.4486,0.01,150
3,5,5,294.323805,1533.2194,90.335168,55.56976,2.327155,0.04998,3.507254,0.01,100
3,6,1,41.1761033,34.0347235,6.0524033,0.8915637,2.283864,0.0499,2.74097,0.0081,100
3,6,2,107.56,563.72,17.65,5.72,1.7384,0.0499,3.0019,0.01,150
3,6,3,190.29,1205.5,35.38,13.83,1.7859,0.0499,3.3079,0.01,150
3,6,4,304.46,2207.97,59.24,25.59,2.2918,0.05,3.3828,0.01,150
3,6,5,439.391708,3414.25038,89.256569,40.71091,2.321034,0.04998,3.427439,0.01,100
4,4,1,14.624958,7.512782,14.624958,7.512782,2.153756,0.02268,3.433728,0,100
4,4,2,37.26,45.23,37.26,45.23,2.1669,0.0499,3.1334,0.01,150
4,4,3,71.25,105.3,71.25,105.3,2.2856,0.05,3.3251,0.01,150
4,4,4,116.42,189.71,116.42,189.71,2.311,0.0499,3.4983,0.01,150
4,4,5,172.8397,300.5673,172.8397,300.5673,2.311469,0.04999,3.485687,0.01,100
4,5,1,25.020417,20.253523,12.316232,3.943078,2.15729,0.04899,3.063762,0.00799,100
4,5,2,62.01,114.84,34.97,27.31,2.2159,0.0497,3.2029,0.01,150
4,5,3,117.12,272.89,67.93,66.07,2.2791,0.05,3.3167,0.01,150
4,5,4,189.85,498.88,112.68,122.98,2.4123,0.05,3.4972,0.01,150
4,5,5,280.22965,794.8312,167.77563,197.8901,2.2934,0.05,3.423576,0.01,100
4,6,1,38.435148,44.62924,11.935903,3.36006,2.398975,0.04791,3.302869,0.00554,100
4,6,2,93.78,244.82,33.54,19.43,2.2083,0.05,3.1746,0.01,150
4,6,3,175.35,584.2,66.27,46.73,2.2707,0.05,3.2969,0.01,150
4,6,4,282.44,1073.4,110.02,87.36,2.2917,0.05,3.3877,0.01,150
4,6,5,415.14891,1721.5864,164.89488,142.5835,2.3221,0.04999,3.433218,0.01,100
5,5,1,20.710324,9.840592,20.710324,9.840592,2.403489,0.04997,3.269235,0.00978,100
5,5,2,57.67,69.57,57.67,69.57,2.2336,0.0498,3.2587,0.0099,150
5,5,3,110.7,166.68,110.7,166.68,2.2987,0.049,3.3534,0.01,150
5,5,4,182.38,313.59,182.38,313.59,2.2988,0.05,3.3689,0.01,150
5,5,5,270.54044,507.1048,270.54044,507.1048,2.28837,0.04998,3.418435,0.01,100
5,6,1,31.423257,20.101308,19.94197,8.713408,2.300717,0.04832,3.340453,0.00963,100
5,6,2,86.46,145.99,54.88,48.41,2.2503,0.0498,3.2654,0.01,150
5,6,3,164.68,357.08,107.42,119.98,2.2785,0.05,3.2885,0.01,150
5,6,4,270.04,670.31,177.39,224.8,2.2662,0.05,3.336,0.01,150
5,6,5,399.02205,1079.1866,264.76426,365.7706,2.298895,0.05,3.381856,0.01,100
6,6,1,30.101929,18.53344,30.101929,18.53344,2.294575,0.04856,3.29852,0.00989,100
6,6,2,81.85,101.36,81.85,101.36,2.2597,0.05,3.2662,0.01,150
6,6,3,159.16,250.98,159.16,250.98,2.2815,0.05,3.3036,0.01,150
6,6,4,261.64056,477.0939,261.64056,477.0939,2.276787,0.05,3.321946,0.01,100
6,6,5,389.45768,789.5876,389.45768,789.5876,2.295224,0.05,3.352112,0.01,100