I,J,K,E_CRA,V_CRA,E_RCA,V_RCA,q (0.05),p = 0.05,q (0.01),p = 0.01,Simulations
2,2,1,4,0,4,0,-,-,-,-,100
2,2,2,7.94095,13.96112,7.945405,14.01178,2.424503,0,2.424503,0,100
2,2,3,15.514787,26.57477,15.521916,26.62152,2.335714,0.04877,4.485762,0.00875,100
2,2,4,25.797242,43.11145,25.803246,43.39677,2.48674,0.04883,4.085904,0.00759,100
2,2,5,38.764491,64.67114,38.7698,64.81554,2.202919,0.04835,4.11294,0.00869,100
2,2,6,54.366604,87.89261,54.363806,87.78727,2.421879,0.04938,4.357884,0.00963,100
2,2,7,72.73503,116.6879,72.74671,117.4759,2.274635,0.04948,4.292362,0.00986,100
2,2,8,93.65242,149.6884,93.65639,149.6808,2.29118,0.04963,4.237742,0.00983,100
2,2,9,117.34382,184.8968,117.35354,184.9939,2.363468,0.04971,4.308215,0.00979,100
2,2,10,143.63848,225.6644,143.64346,226.2197,2.309519,0.04974,4.268217,0.00991,100
2,3,1,16,0,2.6666667,0,-,-,-,-,100
2,3,2,24.54479,108.536474,7.413757,3.896763,2.15444,0.03949,3.211263,0.00327,100
2,3,3,44.49698,211.522515,14.944818,8.695909,2.367374,0.04561,3.64835,0.00997,100
2,3,4,70.570396,342.43401,25.1229,14.97215,2.42123,0.04986,3.780212,0.00999,100
2,3,5,103.001177,497.04843,38.004795,22.81248,2.414885,0.04999,3.92398,0.00993,100
2,3,6,141.716193,694.76729,53.536764,32.19691,2.36618,0.04999,3.926179,0.00992,100
2,3,7,186.556589,914.94546,71.765141,43.16353,2.323493,0.05,3.93728,0.00999,100
2,3,8,237.670367,1175.77537,92.624619,55.82685,2.336635,0.04981,3.914808,0.01,100
2,3,9,294.873078,1483.53456,116.152027,69.9539,2.338054,0.05,3.94933,0.01,100
2,3,10,358.499351,1825.95703,142.395156,86.04665,2.316143,0.04997,3.936248,0.00999,100
2,4,1,36,0,2.43254,0.1012702,-,-,-,-,100
2,4,2,52.04068,435.607811,7.207283,2.017738,2.142049,0.04269,3.13938,0.00759,100
2,4,3,90.404244,832.627804,14.666299,4.691034,2.325802,0.04878,3.551677,0.00998,100
2,4,4,140.545369,1349.652698,24.834183,8.276016,2.3397,0.04999,3.622436,0.00999,100
2,4,5,201.999744,1992.38929,37.640476,12.66167,2.349288,0.04984,3.690747,0.01,100
2,4,6,274.610295,2807.34146,53.129654,18.37058,2.349798,0.05,3.722209,0.01,100
2,4,7,358.492659,3698.38747,71.300535,24.53263,2.333586,0.04999,3.764856,0.01,100
2,4,8,453.516379,4777.80005,92.106312,31.78248,2.324018,0.04998,3.799684,0.01,100
2,4,9,559.770517,5889.14201,115.62839,40.09906,2.331213,0.05,3.796739,0.00996,100
2,4,10,677.185959,7249.33866,141.765951,49.03165,2.299613,0.05,3.778906,0.01,100
2,5,1,64,0,2.32256,0.05595561,-,-,-,-,100
2,5,2,91.486755,1225.032537,7.080542,1.306475,2.371777,0.04929,3.07912,0.00805,100
2,5,3,155.834883,2378.464013,14.531448,3.096778,2.283956,0.04996,3.366144,0.00997,100
2,5,4,238.20707,3888.298948,24.670907,5.564548,2.281937,0.04997,3.548871,0.01,100
2,5,5,338.02801,5701.05,37.44332,8.657741,2.315346,0.04967,3.567066,0.01,100
2,5,6,455.863963,7900.24489,52.889073,12.20226,2.322927,0.04999,3.669266,0.01,100
2,5,7,592.672242,10750.52236,71.040412,16.8925,2.312782,0.05,3.603952,0.00999,100
2,5,8,745.696234,13506.39493,91.832163,21.57285,2.31702,0.05,3.705561,0.01,100
2,5,9,915.998465,16792.11597,115.282795,27.28151,2.300514,0.04995,3.713029,0.01,100
2,5,10,1104.469073,20517.44,141.408334,33.438,2.312755,0.05,3.696576,0.01,100
3,3,1,8.490527,2.396932,8.490527,2.396932,1.411128,0,1.411128,0,100
3,3,2,20.97,26.36,20.97,26.36,2.1808,0.0479,2.8625,0.0097,150
3,3,3,39.89,59.26,39.89,59.26,2.3429,0.0499,3.3918,0.0099,150
3,3,4,65.02,103.72,65.02,103.72,2.3587,0.049,3.582,0.01,150
3,3,5,96.36846,159.1251,96.36846,159.1251,2.369307,0.04998,3.676586,0.00999,100
3,4,1,18.328447,7.050064,7.050603,1.675433,2.793654,0,2.793654,0,100
3,4,2,42.09,96.6,19.37,12.61,2.2123,0.0497,3.0432,0.0099,150
3,4,3,78.03,218.89,37.77,29.8,2.3014,0.05,3.3425,0.01,150
3,4,4,125.12,384.96,62.4,53.91,2.3405,0.0499,3.481,0.01,150
3,4,5,183.318931,183.318931,93.113449,84.09453,2.357555,0.04997,3.598571,0.01,100
3,5,1,31.902247,17.063446,6.429552,1.342304,1.700747,0.0457,2.736499,0,100
3,5,2,71.48,258.4,18.47,7.95,2.2096,0.05,3.1139,0.0099,150
3,5,3,130.28,583.95,36.59,19.24,2.3027,0.05,3.3528,0.01,150
3,5,4,206.7,1030.34,60.83,35.02,2.3238,0.05,3.438,0.01,150
3,5,5,300.678639,1591.57475,91.246072,56.19803,2.311157,0.05,3.484535,0.00999,100
3,6,1,49.3570333,34.1113305,6.0898387,0.893956,2.377572,0.01891,2.96373,0.00473,100
3,6,2,109.53,561.67,17.88,5.65,2.2069,0.0499,3.1001,0.01,150
3,6,3,197.33,1285.48,35.75,13.78,2.3082,0.05,3.3439,0.01,150
3,6,4,310.65,2291.66,59.76,25.54,2.299,0.05,3.3836,0.01,150
3,6,5,449.484134,3568.35544,89.907432,40.83689,2.332141,0.05,3.489763,0.01,100
4,4,1,14.47456,7.101978,14.47456,7.101978,2.2796,0.02609,3.601865,0,100
4,4,2,37.94,45.18,37.94,45.18,2.2033,0.0497,3.1704,0.0099,150
4,4,3,72.44,106.96,72.44,106.96,2.2852,0.05,3.3524,0.01,150
4,4,4,118.07,193.26,118.07,193.26,2.3298,0.05,3.4508,0.01,150
4,4,5,174.90988,306.0532,174.90988,306.0532,2.306294,0.04997,3.452358,0.01,100
4,5,1,24.855042,18.023028,12.95151,4.805183,2.485544,0.0346,3.057059,0.00689,100
4,5,2,63.27,116.44,35.56,27.55,2.23,0.05,3.2262,0.01,150
4,5,3,119.27,28044,69.22,67.34,2.2913,0.0499,3.3268,0.01,150
4,5,4,192.82,514.4,114,126.09,2.2876,0.05,3.3735,0.01,150
4,5,5,283.97398,817.8782,169.76254,201.3372,2.297886,0.04998,3.37638,0.00999,100
4,6,1,38.163035,38.864744,12.03885,3.419135,2.322485,0.04863,3.582996,0.00439,100
4,6,2,95.8,252.1,34.05,19.43,2.1817,0.0499,3.1512,0.01,150
4,6,3,178.76,606.67,67.1,47.48,2.2841,0.05,3.3149,0.01,150
4,6,4,287.14,1112.85,111.15,88.7,2.3032,0.05,3.4057,0.01,150
4,6,5,421.06243,1785.294,166.29996,144.1434,2.311862,0.05,3.403548,0.01,100
5,5,1,21.913932,12.45561,21.913932,12.45561,2.404497,0.04295,3.311205,0.00841,100
5,5,2,58.76,71.32,58.76,71.32,2.2368,0.05,3.2729,0.01,150
5,5,3,113.01,171.87,113.01,171.87,2.3096,0.05,3.3589,0.01,150
5,5,4,184.76,322.17,184.76,322.17,2.2941,0.05,3.3889,0.01,150
5,5,5,274.01301,520.3764,274.01301,520.3764,2.313078,0.05,3.390269,0.01,100
5,6,1,33.392448,26.549046,20.161443,9.021038,2.343449,0.04883,3.253497,0.00951,100
5,6,2,88.23,152.58,55.81,49.47,2.2522,0.0498,3.2804,0.01,150
5,6,3,168.29,372.24,108.91,123.15,2.284,0.05,3.3042,0.01,150
5,6,4,273.81,693.93,179.39,231.08,2.2708,0.05,3.3332,0.01,150
5,6,5,404.51719,1117.2277,267.27908,372.9216,2.297302,0.05,3.321195,0.00999,100
6,6,1,30.513171,19.2726,30.513171,19.2726,2.278537,0.04981,3.3303,0.00938,100
6,6,2,83.35,105.47,83.35,105.47,2.2704,0.05,3.2928,0.01,150
6,6,3,161.5,260.05,161.5,260.05,2.2827,0.05,3.3075,0.01,150
6,6,4,264.77938,491.0561,264.77938,491.0561,2.296009,0.05,3.3768,0.01,100
6,6,5,393.34521,810.444,393.34521,810.444,2.286206,0.05,3.336449,0.01,100